"Species","S01","S02","S03","S04","S05","S06","S07","S08","S09","S10","S11","S12","S13","S14","S15","S16","S17","S18","S19","S20","S21","S22","S23","S24","S25","S26","S27","S28","S29","S30","S31","S32","S33","S34","S35","S36","S37","S38","S39","S40"
"Alloprevotella_tannerae",0,0,0,0,0,0,0,0,0,203,0,0,263,0,0,0,0,0,0,0,0,200,0,476,477,694,0,0,0,663,0,289,0,520,100,0,0,763,0,73
"Corynebacterium_kefirresidentii",585,0,670,0,0,0,646,0,920,0,920,429,744,660,0,0,0,0,308,459,464,0,0,0,0,0,0,0,0,0,555,426,0,0,718,0,0,0,0,0
"Pelobacter_propionicus",0,0,552,0,0,705,0,414,896,0,0,0,168,268,129,0,0,568,534,0,142,0,847,0,424,0,0,0,0,0,0,0,296,545,343,564,0,0,0,0
"Brachybacterium_paraconglomeratum",0,290,0,657,229,0,733,0,0,631,0,0,317,400,0,0,480,0,0,0,0,50,0,0,0,0,708,0,562,0,589,447,966,0,868,0,353,0,609,205
"Eubacterium_saphenum",0,0,0,818,908,0,0,0,682,243,57,0,0,346,0,472,0,368,0,0,0,849,899,0,0,289,0,809,866,883,910,0,0,0,475,567,998,0,0,0
"Enorma_massiliensis",0,0,0,177,0,0,0,0,0,785,0,0,0,528,0,762,0,0,0,0,45,0,0,951,0,0,121,0,119,0,136,0,0,0,0,174,0,0,0,991
"Brucella_suis",896,0,0,0,200,774,189,0,819,0,0,412,835,0,745,170,0,422,0,0,0,0,424,0,0,0,113,0,239,223,0,0,0,56,0,0,0,0,0,849
"Ligilactobacillus_murinus",0,968,0,677,0,0,607,905,442,0,0,0,511,0,0,0,0,0,0,0,617,0,394,0,0,530,0,0,332,0,0,0,0,304,121,764,0,63,0,0
"Streptomyces_coelicolor",0,631,140,0,0,0,0,0,643,0,0,803,0,0,0,0,0,0,478,0,955,1000,0,846,0,339,0,0,0,0,493,811,0,0,0,0,0,958,0,0
"Lautropia_mirabilis",0,0,622,484,0,0,580,0,0,0,0,0,0,257,0,837,0,0,0,572,0,0,0,0,100,376,693,983,0,0,0,0,352,0,414,385,838,0,0,250
"Pediococcus_acidilactici",0,992,0,0,814,0,0,0,0,0,485,195,0,0,644,0,0,0,400,198,0,0,0,42,426,605,0,285,342,869,0,563,0,959,0,0,289,0,0,0
"Thermoanaerobacter_mathranii",0,769,0,0,0,0,521,235,0,804,0,0,753,170,0,229,0,660,46,203,0,0,672,0,0,49,20,0,444,0,849,862,48,0,811,0,0,0,0,169
"Neisseria_sicca",0,0,314,999,324,0,0,0,0,0,695,43,191,224,735,683,0,0,0,576,536,0,0,652,0,0,0,0,0,0,0,224,440,997,0,0,0,0,864,691
"Polaribacter_franzmannii",405,0,567,0,407,0,0,0,0,0,477,391,277,380,0,0,561,225,0,0,708,0,0,972,881,0,914,0,0,0,39,474,757,460,0,0,0,0,967,0
"Paraclostridium_bifermentans",0,0,0,613,599,0,44,545,0,209,0,730,221,0,0,852,0,478,106,0,524,0,635,406,0,0,0,0,0,388,55,0,0,522,414,0,0,50,0,0
"Actinomyces_graevenitzii",0,97,453,0,0,0,0,0,0,131,0,0,0,73,517,0,954,0,447,0,863,0,0,0,0,960,0,292,0,0,136,0,0,0,0,0,653,0,0,283
"Lactococcus_lactis",0,0,0,0,677,0,0,0,0,577,182,418,702,831,0,0,0,0,0,407,713,863,0,4,949,0,0,0,23,0,0,0,0,578,973,0,0,0,692,83
"Eubacterium_coprostanoligenes",0,456,660,128,359,0,697,436,0,0,0,0,0,875,0,0,596,572,0,40,700,344,0,190,0,921,0,449,946,0,239,0,156,584,151,0,0,0,510,247
"Mycobacterium_tuberculosis",0,0,699,0,0,729,0,0,0,0,695,0,0,0,566,793,0,121,0,927,494,517,0,0,0,65,63,297,0,0,0,546,0,0,1000,0,0,0,0,0
"Megamonas_rupellensis",0,0,0,771,0,0,0,519,0,0,0,667,576,0,278,58,412,0,0,633,104,0,0,0,0,0,564,725,6,219,0,0,689,0,283,0,0,199,942,820
"Schaalia_odontolytica",0,0,0,0,0,593,624,0,298,272,0,150,699,369,834,0,0,0,839,251,660,932,0,0,0,905,401,967,0,421,0,0,335,157,0,0,0,0,0,0
"Pseudomonas_fragi",641,0,396,29,0,0,0,0,118,0,771,0,997,0,653,594,175,0,0,0,0,0,0,0,466,52,66,0,55,848,0,0,0,75,344,0,239,423,0,189
"Mitsuokella_multacida",0,0,456,0,714,423,0,497,0,461,966,0,0,0,201,0,136,0,0,474,61,0,182,0,985,0,0,0,0,0,0,0,0,0,0,0,0,0,0,491
"Pluralibacter_gergoviae",0,0,0,131,998,899,0,0,0,0,0,600,661,0,0,783,0,173,920,248,0,396,586,957,62,0,0,0,0,128,298,0,736,0,0,967,495,498,470,470
"Aggregatibacter_aphrophilus",345,0,636,771,116,0,0,0,0,585,0,403,0,0,0,0,855,0,79,0,0,0,0,0,0,0,0,0,288,258,567,0,144,0,0,0,0,0,0,0
"Lactobacillus_paraplantarum",860,0,328,531,0,0,0,0,0,900,126,554,0,825,0,0,0,0,953,458,234,0,259,0,0,0,346,0,0,0,0,0,0,0,668,236,0,24,919,153
"Bifidobacterium_anseris",527,0,483,293,493,0,0,0,609,848,578,0,442,0,0,0,0,0,281,0,882,263,0,681,987,0,0,0,0,0,0,0,0,139,0,622,0,697,0,724
"Thermoanaerobacter_ethanolicus",380,784,0,0,0,0,810,0,0,402,0,0,0,640,335,0,0,0,621,0,0,0,532,0,0,0,0,0,0,0,723,508,393,255,0,0,141,0,328,0
"Prevotella_fusca",0,71,0,0,0,692,0,465,0,976,0,0,0,0,437,0,0,0,127,0,0,0,0,0,247,189,0,0,0,167,449,627,752,692,281,0,840,651,0,759
"Bacteroides_uniformis",966,650,249,315,0,415,0,0,0,0,439,0,792,0,297,92,0,0,579,0,572,825,0,0,0,0,0,667,842,0,0,0,156,0,984,0,388,187,864,0
"Moritella_marina",0,0,0,0,0,0,0,755,0,0,0,999,0,0,0,0,0,0,0,0,671,0,0,0,955,0,0,0,0,888,716,83,0,335,535,418,0,0,925,0
"Megasphaera_cerevisiae",571,4,490,0,822,0,825,970,0,0,52,0,0,0,519,668,0,0,886,0,0,0,21,928,554,502,557,636,501,330,0,0,0,859,0,293,0,0,662,81
"Haemophilus_parahaemolyticus",950,0,0,0,0,0,0,0,0,0,797,386,822,0,0,0,311,137,61,0,0,0,0,0,0,13,0,0,0,351,0,915,0,800,0,375,0,0,0,0
"Pseudomonas_fluorescens",0,205,0,360,0,895,3,0,0,0,0,0,0,0,0,0,0,678,0,168,97,0,0,41,398,606,0,760,620,0,28,650,114,0,992,0,0,0,959,302
"Fusobacterium_gonidiaformans",92,0,765,391,287,2,217,23,16,0,0,0,0,0,0,679,0,0,0,0,0,0,0,386,0,349,0,884,70,0,906,0,0,0,554,587,0,0,0,0
"Bacteroides_xylanisolvens",0,0,438,451,0,166,135,0,574,666,0,0,512,833,0,819,309,96,0,773,0,0,527,0,0,0,0,0,0,0,0,722,708,983,0,980,402,658,0,626
"Enterococcus_raffinosus",0,0,204,195,0,491,0,0,0,0,0,0,537,0,866,504,957,0,0,222,0,0,503,0,0,621,0,0,0,813,452,0,0,0,670,0,0,0,0,0
"Helicobacter_pylori",7,0,0,0,0,0,0,246,967,0,741,627,509,0,0,399,78,0,709,0,0,0,501,783,0,652,0,553,125,353,0,0,0,971,0,0,0,503,0,0
"Veillonella_infantium",0,299,0,68,495,0,62,0,0,281,0,0,11,0,0,0,0,0,779,829,0,974,0,205,0,585,378,574,0,0,978,694,556,189,0,0,0,0,649,0
"Helicobacter_hepaticus",169,0,484,0,819,0,0,478,0,0,334,0,0,266,29,0,0,0,0,0,0,0,0,743,497,0,0,0,0,0,0,0,0,0,822,808,0,841,0,56
"Pseudomonas_cedrina",0,914,116,0,129,0,760,0,316,125,374,0,869,0,183,0,0,0,576,0,0,0,0,0,893,0,0,0,612,341,0,0,791,231,105,800,0,0,727,0
"Ruminiclostridium_papyrosolvens",630,0,0,0,231,0,0,768,0,0,0,0,0,608,912,0,366,733,0,0,0,0,219,0,506,688,97,385,990,0,898,989,0,250,0,0,0,0,159,479
"Selenomonas_noxia",556,202,874,0,671,372,489,0,0,521,0,0,143,0,397,915,0,499,0,0,0,558,721,269,0,213,0,0,0,0,701,0,0,18,0,0,0,0,162,0
"Corynebacterium_matruchotii",813,0,0,0,396,0,634,184,0,0,167,415,0,341,545,20,0,0,768,167,0,0,0,382,0,942,0,0,0,0,771,721,762,0,181,0,212,0,0,674
"Clostridium_saccharolyticum",302,601,790,513,0,952,348,713,0,21,255,0,419,0,0,771,0,52,874,0,1,0,78,0,516,0,0,0,59,112,773,538,0,19,0,0,0,0,0,379
"Streptococcus_parasanguinis",0,0,0,0,701,816,0,0,0,0,0,0,0,0,0,0,0,0,400,741,0,0,755,0,0,966,0,0,838,0,0,637,0,0,0,929,658,0,827,0
"Lactococcus_chungangensis",0,0,42,0,559,135,0,0,412,0,0,101,0,156,0,0,590,102,0,0,0,0,0,830,0,439,897,0,832,0,0,0,965,510,0,358,962,983,804,46
"Clostridium_saccharobutylicum",500,0,915,286,0,0,28,0,993,616,520,0,0,0,64,0,0,0,963,0,306,886,363,562,106,0,0,0,0,0,530,310,0,531,0,0,0,896,0,0
"Butyrivibrio_fibrisolvens",748,464,568,410,0,0,0,0,839,0,0,876,0,0,0,687,0,77,974,0,0,0,0,0,645,0,233,66,0,0,0,537,613,421,0,0,0,852,919,190
"Oribacterium_sinus",307,248,0,813,0,0,898,0,0,0,0,0,276,829,0,745,0,0,417,943,0,0,0,0,342,493,0,0,0,0,0,0,0,815,0,0,0,0,882,511
"Treponema_socranskii",820,72,0,587,0,565,142,706,821,0,417,42,300,0,241,385,0,0,0,0,0,0,898,0,0,0,0,980,669,428,797,768,903,0,0,952,317,147,948,0
"Veillonella_dispar",473,0,0,0,0,0,507,855,679,459,258,739,0,639,0,0,0,124,0,0,336,551,0,344,602,914,266,485,0,0,0,288,547,652,0,0,274,941,348,0
"Vibrio_fischeri",545,0,0,0,720,0,0,0,87,0,83,0,0,820,0,0,671,0,0,580,0,0,0,0,749,0,700,0,0,0,627,764,372,0,141,907,0,737,327,995
"Corynebacterium_efficiens",0,31,0,0,756,473,754,373,0,0,481,0,0,30,748,501,0,213,0,0,633,7,0,114,504,0,630,0,729,0,0,0,0,0,121,0,249,604,659,0
"Citrobacter_freundii",0,862,214,359,160,774,0,986,0,0,0,960,0,428,251,0,0,171,936,888,0,0,0,0,0,0,460,0,57,0,0,135,25,0,0,0,0,0,0,0
"Oribacterium_parvum",0,550,0,0,0,0,0,0,625,0,0,702,181,403,0,0,0,0,0,248,0,166,0,0,59,0,0,819,26,0,168,0,188,893,474,413,702,0,0,702
"Pseudoramibacter_alactolyticus",0,0,254,0,0,0,0,429,0,0,62,0,0,0,0,134,0,0,0,377,0,0,0,0,0,0,0,126,0,465,81,0,0,0,0,0,0,46,0,838
"Agrobacterium_radiobacter",0,148,166,0,410,0,942,0,0,0,271,402,0,0,501,0,718,296,0,0,0,0,0,0,0,0,759,663,487,0,0,0,0,613,0,0,70,0,0,828
"Fusobacterium_necrogenes",520,0,0,0,334,0,0,94,0,702,0,885,0,0,0,449,0,0,0,0,117,377,716,319,0,126,29,688,0,0,477,0,0,710,0,554,257,59,0,0
"Ralstonia_solanacearum",305,473,957,0,0,20,0,0,0,0,0,993,488,0,0,0,0,809,574,372,0,0,629,0,0,0,834,0,0,194,313,0,258,0,901,0,648,0,0,856
"Aggregatibacter_segnis",798,0,0,495,0,0,0,83,0,633,395,24,0,0,0,0,436,330,412,0,0,596,0,57,783,0,0,67,524,0,93,0,0,0,0,32,0,685,0,222
"Actinobacillus_succinogenes",0,0,0,449,752,0,0,0,174,61,0,154,231,0,0,515,0,534,323,0,0,0,584,0,0,0,726,0,0,465,0,0,325,0,957,0,0,803,398,0
"Succinivibrio_dextrinosolvens",0,0,0,343,856,0,651,0,707,968,0,0,14,0,0,0,0,955,0,0,0,537,820,629,117,0,367,0,536,0,0,0,0,89,422,0,144,980,0,0
"Streptomyces_griseus",0,0,0,0,0,0,0,738,604,303,0,0,717,8,454,0,0,0,24,0,0,0,0,0,122,0,0,0,0,0,0,417,0,904,71,0,968,0,0,460
"Oscillibacter_valericigenes",373,970,406,525,518,0,911,845,0,271,0,0,0,0,812,0,0,777,0,585,161,655,0,0,0,0,523,139,491,0,477,0,2,178,0,775,463,0,503,0
"Enterococcus_durans",481,0,329,0,0,0,0,0,0,800,0,0,347,0,0,0,0,0,0,0,934,573,434,0,0,824,0,0,193,0,0,0,0,0,76,122,0,0,0,579
"Desulfurivibrio_alkaliphilus",0,0,0,0,0,0,0,0,0,662,0,0,0,0,753,6,735,848,0,914,0,0,335,0,651,0,451,0,0,0,90,0,0,0,0,0,243,0,0,0
"Capnocytophaga_leadbetteri",0,0,0,686,144,102,0,698,0,0,805,317,787,0,681,0,454,0,0,870,1000,0,781,0,0,0,0,0,0,887,0,0,208,0,0,16,0,0,0,273
"Bordetella_hinzii",320,0,0,0,0,293,0,0,0,0,608,117,0,0,0,194,0,0,0,361,0,0,0,674,0,0,446,0,0,0,0,0,0,86,17,984,0,794,0,946
"Coprococcus_comes",0,784,0,441,0,0,893,0,0,0,0,0,58,0,0,0,959,0,0,98,0,0,9,0,0,0,0,0,0,0,0,0,887,0,399,0,737,495,0,0
"Prevotella_intermedia",18,436,0,524,615,0,465,0,0,0,498,0,177,0,0,0,0,0,959,997,581,0,91,125,0,2,0,863,892,0,0,0,0,90,698,0,0,0,830,0
"Desulfococcus_oleovorans",599,41,267,0,0,894,0,0,0,58,0,0,684,167,0,0,234,97,0,0,448,15,336,0,928,167,0,267,0,552,0,0,0,0,0,0,468,790,0,0
"Moraxella_catarrhalis",922,0,0,822,0,0,0,315,809,697,0,219,0,804,943,0,0,0,889,990,0,8,0,0,207,0,304,0,586,0,0,0,0,0,0,0,668,0,937,0
"Novosphingobium_aromaticivorans",448,638,226,0,530,0,976,858,920,337,354,630,944,76,0,0,715,462,0,0,937,401,208,718,0,0,0,972,620,880,0,986,20,0,0,0,805,0,0,219
"Kocuria_palustris",0,0,0,880,0,0,0,0,0,0,0,0,0,57,0,876,36,0,752,0,0,0,684,825,0,0,0,0,17,0,0,701,0,0,0,259,530,204,0,33
"Kytococcus_sedentarius",0,0,0,0,0,0,859,0,555,0,603,196,0,0,850,249,0,928,0,402,663,0,0,189,792,0,0,79,0,0,378,463,592,0,704,380,0,847,0,0
"Acinetobacter_ursingii",0,358,0,0,511,0,0,0,308,26,73,0,253,0,0,0,404,87,107,475,0,0,0,0,0,379,0,0,988,557,0,0,749,989,120,594,0,0,0,0
"Lactobacillus_gallinarum",843,587,0,0,151,358,947,0,0,0,0,0,150,779,444,960,0,54,0,0,0,0,0,0,0,181,0,251,0,0,0,903,785,0,404,951,0,0,0,865
"Escherichia_fergusonii",0,0,606,228,446,0,0,0,0,194,0,0,0,0,0,0,156,847,0,576,0,0,81,491,211,0,0,0,209,0,18,176,559,274,326,0,131,231,79,915
"Streptococcus_mutans",264,0,0,992,0,0,231,0,0,27,0,0,0,0,0,719,942,769,0,0,232,0,980,0,0,0,0,653,0,0,0,0,0,0,603,0,0,0,667,0
"Clostridium_neonatale",0,0,0,0,694,576,110,709,0,75,0,0,707,0,950,0,0,505,0,296,0,0,385,19,0,737,915,0,0,0,716,25,0,0,0,919,0,0,243,0
"Mycobacterium_avium",744,0,0,0,165,0,0,0,0,304,53,0,0,0,49,912,0,863,0,0,191,0,0,753,394,0,941,0,0,0,602,0,903,975,0,0,251,0,0,755
"Veillonella_tobetsuensis",109,0,0,0,7,0,0,318,0,0,0,814,0,0,0,585,0,0,0,609,0,0,0,0,0,296,0,0,0,0,817,0,0,0,833,498,224,148,0,275
"Enterorhabdus_mucosicola",0,521,0,0,0,0,1,0,961,0,0,0,0,0,0,0,731,700,920,615,0,156,729,0,458,788,0,0,0,787,0,487,0,0,0,600,0,778,0,645
"Scardovia_inopinata",0,0,0,247,0,889,680,0,0,660,0,0,398,16,0,746,860,0,12,0,275,0,0,0,0,215,0,165,963,821,0,0,0,0,0,0,794,0,0,772
"Myroides_injenensis",303,0,0,0,481,512,929,740,386,0,0,0,352,0,0,160,425,864,0,0,0,767,0,0,0,0,0,0,138,0,951,0,0,828,298,0,0,945,795,0
"Enterococcus_caccae",465,0,729,0,0,608,0,316,0,626,0,0,809,0,0,0,0,0,0,0,0,0,212,0,0,0,776,695,0,0,599,420,0,0,920,0,0,0,647,0
"Abiotrophia_defectiva",0,325,0,0,0,457,825,0,0,967,0,631,0,865,0,0,0,0,0,770,586,0,994,0,0,89,0,28,0,0,0,347,0,0,333,345,607,0,736,0
"Propionibacterium_acidifaciens",0,788,0,0,310,0,0,0,0,0,161,92,0,981,0,859,0,0,840,827,330,0,0,0,0,0,662,436,0,35,0,0,0,0,0,926,317,633,0,0
"Fusobacterium_mortiferum",0,126,0,715,984,0,0,0,0,0,0,0,0,0,0,0,0,0,968,0,0,221,0,850,0,725,0,0,0,313,0,0,460,434,0,0,0,0,74,0
"Serratia_ureilytica",53,0,289,0,0,0,31,0,0,624,0,0,0,301,196,0,0,0,0,0,91,0,955,851,250,0,202,0,160,0,92,181,0,0,968,0,929,0,97,51
"Ruminococcus_obeum",170,0,476,0,0,225,217,0,0,395,0,0,686,0,0,184,0,720,0,0,0,34,0,0,0,0,0,0,0,0,731,0,0,0,0,31,466,466,99,37
"Lactobacillus_crispatus",376,0,0,510,269,1,524,971,0,831,0,0,0,0,0,0,0,568,0,0,289,0,0,397,0,529,0,0,0,0,406,0,0,0,946,0,987,0,0,829
"Arcobacter_butzleri",0,0,0,907,184,0,0,0,0,699,0,0,685,0,0,0,0,0,0,209,179,969,0,0,0,0,0,967,0,0,0,0,0,788,0,0,158,0,555,280
"Bifidobacterium_mongoliense",83,359,0,0,400,317,0,0,0,0,0,0,724,0,4,0,0,815,0,257,810,0,0,0,0,0,0,837,50,0,545,0,0,0,104,0,0,0,0,0
"Selenomonas_infelix",857,0,0,970,0,75,825,196,870,0,489,0,0,0,0,0,969,0,0,0,0,764,508,203,0,559,0,771,617,0,343,0,865,399,0,0,0,0,397,797
"Dyadobacter_beijingensis",0,603,0,399,88,878,128,744,0,0,0,747,33,431,0,0,0,0,591,0,74,906,676,0,706,131,890,0,762,0,0,631,0,376,492,0,0,0,0,0
"Stenotrophomonas_maltophilia",539,0,0,0,584,0,0,639,0,13,973,348,0,509,0,815,862,0,0,559,469,0,0,0,831,944,0,0,873,661,0,0,0,770,0,0,0,0,719,0
"Yokenella_regensburgei",541,0,298,586,44,0,0,0,0,0,0,0,0,144,0,0,0,222,0,0,0,0,0,0,0,0,0,0,248,0,845,0,0,301,215,0,0,429,489,0
"Photorhabdus_luminescens",0,238,0,494,0,0,0,0,589,51,0,0,652,0,678,0,793,681,0,783,796,0,0,903,663,0,0,172,967,225,0,0,0,0,0,109,0,691,321,0
"Alistipes_indistinctus",0,255,847,216,0,0,606,0,0,0,88,612,542,0,273,0,0,729,850,0,0,0,0,0,152,0,0,0,416,0,0,0,0,522,0,888,650,729,207,16
"Granulicatella_elegans",0,859,0,0,0,557,0,0,0,254,850,239,434,0,0,0,0,0,960,886,0,0,182,247,85,80,0,0,400,0,544,0,167,503,0,0,732,0,176,0
"Prevotella_loescheii",0,0,0,0,0,0,0,575,179,973,0,0,0,0,777,0,0,0,0,0,556,0,0,738,6,862,583,0,0,120,0,124,0,0,0,0,0,0,801,604
"Psychrobacter_cryohalolentis",0,807,21,0,0,481,0,0,0,879,0,0,0,719,0,0,0,936,0,851,35,269,0,0,0,0,52,0,862,11,0,791,0,220,0,0,0,0,0,0
"Bacteroides_pectinophilus",0,0,0,976,990,31,0,538,913,0,0,0,0,98,510,311,0,788,0,0,0,0,0,108,0,0,163,0,0,0,79,0,856,137,0,885,96,0,602,0
"Phocaeicola_plebeius",0,0,36,0,898,506,0,0,0,514,587,0,0,93,0,0,0,0,317,195,66,112,0,0,0,0,0,770,0,0,28,776,570,0,0,510,0,0,485,776
"Streptococcus_salivarius",0,0,0,0,0,0,635,0,0,0,0,420,944,0,0,0,0,0,98,0,808,0,279,0,0,584,911,0,134,12,0,0,0,0,0,0,0,0,0,0
"Corynebacterium_durum",266,0,899,0,828,0,0,305,0,0,0,0,0,661,0,455,172,602,0,0,0,716,88,0,0,498,0,290,609,0,0,0,0,983,0,0,0,0,549,874
"Syntrophothermus_lipocalidus",0,0,0,0,897,0,0,217,0,917,0,0,0,310,701,0,0,542,0,268,202,0,0,0,0,0,452,0,991,68,0,0,0,934,294,0,0,0,291,0
"Ruminiclostridium_cellulolyticum",0,0,0,0,0,0,895,506,664,0,0,820,0,0,0,0,710,986,0,803,974,162,0,979,0,374,0,0,0,0,0,855,0,384,0,426,0,0,939,146
"Citrobacter_rodentium",0,189,408,318,0,0,0,479,0,0,0,0,0,898,0,0,0,0,582,635,0,0,0,0,0,995,0,0,805,0,0,0,155,0,46,64,0,862,0,569
"Lactococcus_petauri",0,311,0,0,911,0,0,0,45,614,0,0,0,0,59,0,593,973,0,422,0,118,322,0,222,0,0,0,743,0,0,346,979,240,0,0,684,754,0,0
"Methylobacterium_mesophilicum",0,0,104,790,0,43,348,662,0,0,0,728,0,0,0,0,287,0,391,0,937,0,0,11,0,777,0,0,81,644,605,0,531,0,346,0,993,0,784,697
"Leifsonia_xyli",0,155,0,745,0,330,0,0,874,0,0,0,0,0,26,0,0,0,0,0,0,0,0,495,0,0,0,0,850,741,787,0,718,0,805,0,0,17,0,0
"Acinetobacter_indicus",0,379,0,79,3,978,0,0,0,0,0,320,0,0,0,0,888,0,10,0,0,204,0,0,745,0,0,0,812,769,752,864,368,0,0,342,531,0,636,0
"Paracoccus_aminophilus",0,0,591,792,0,0,0,566,0,0,0,0,390,86,0,0,0,0,0,473,0,0,0,0,931,0,118,0,6,0,0,0,0,598,0,935,0,0,0,576
"Clostridium_celerecrescens",0,0,0,0,497,0,0,0,672,200,395,0,0,0,0,760,0,0,275,0,0,437,0,0,475,143,0,757,0,0,419,0,0,462,461,253,0,0,0,356
"Clostridium_disporicum",0,464,0,0,906,0,582,0,459,848,769,0,16,0,0,0,564,0,0,0,927,493,541,624,643,0,0,578,0,804,0,0,0,262,0,507,427,553,0,0
"Lactobacillus_vaccinostercus",0,0,401,570,682,0,0,0,0,696,291,157,308,180,972,0,747,759,148,0,643,417,696,984,566,777,79,0,843,0,845,0,0,42,0,429,74,0,0,0
"Streptococcus_pasteurianus",0,0,0,613,0,0,428,0,0,976,393,0,0,424,0,128,0,0,0,0,393,190,0,491,0,352,730,0,0,0,0,0,0,825,0,0,0,0,0,960
"Streptococcus_minor",943,0,0,0,0,179,0,304,0,0,0,343,306,0,0,0,665,0,498,0,0,0,683,654,29,0,0,0,638,87,418,0,0,0,0,984,56,949,177,588
"Bulleidia_extructa",0,587,167,256,0,0,885,0,529,297,0,0,908,780,0,0,527,0,300,582,0,562,0,0,0,0,0,0,0,642,0,0,0,685,325,329,370,0,179,664
"Weissella_confusa",0,865,327,0,0,475,0,629,273,0,0,0,0,0,0,0,0,0,0,667,0,0,0,733,0,523,736,0,0,0,0,0,0,0,0,0,0,355,0,0
"Streptococcus_australis",467,160,809,0,889,0,0,0,0,870,0,375,0,0,256,84,486,0,294,0,0,497,0,0,646,525,548,0,0,0,0,30,0,0,350,0,161,0,990,0
"Citrobacter_farmeri",0,0,135,0,808,692,219,0,0,47,501,0,0,0,0,0,0,0,0,0,0,0,0,0,49,0,0,616,0,0,163,0,0,0,654,0,0,0,0,916
"Thermoanaerobacter_indiensis",0,0,0,0,0,0,46,0,0,993,0,0,0,86,145,0,0,607,0,0,858,321,0,608,927,876,0,640,0,440,0,0,649,651,0,0,0,83,752,0
"Brevundimonas_mediterranea",926,11,0,0,777,0,0,479,0,0,346,619,834,0,634,0,933,0,0,0,0,0,0,0,0,317,569,671,0,322,0,0,0,0,177,3,846,0,673,572
"Ureibacillus_thermosphaericus",0,155,0,0,919,0,0,0,938,0,329,954,0,0,0,0,0,544,0,0,0,414,0,0,925,0,611,0,217,207,84,830,0,0,21,0,0,0,0,369
"Methylobacterium_chloromethanicum",0,422,202,0,91,0,575,0,0,137,0,386,935,0,0,0,0,270,0,0,0,677,0,879,0,0,0,0,716,0,203,692,965,0,0,983,133,0,0,920
"Stomatobaculum_longum",325,829,254,0,0,828,52,0,57,984,0,0,0,0,842,855,249,959,0,0,0,107,418,426,0,0,0,0,0,0,0,551,975,0,472,0,0,0,0,0
"Anaerobiospirillum_succiniciproducens",414,0,854,0,0,0,0,0,838,0,0,0,0,0,247,0,74,952,0,902,0,0,0,637,0,0,0,0,0,746,732,0,156,0,228,0,0,0,0,0
"Enterococcus_faecalis",0,857,0,0,0,122,96,0,0,0,0,0,0,0,725,0,345,0,511,0,420,227,677,0,108,0,0,572,0,0,0,0,12,623,976,0,855,934,0,294
"Streptococcus_uberis",433,513,0,0,325,388,965,0,0,0,801,0,486,394,160,0,0,0,0,32,0,300,800,0,318,907,0,0,381,0,719,700,228,905,0,0,577,0,771,0
"Porphyromonas_gingivicanis",306,0,340,0,903,0,143,0,896,446,0,0,0,831,320,187,0,0,34,311,0,5,0,0,595,0,0,460,0,0,237,670,0,559,70,0,0,0,871,0
"Streptococcus_ferus",0,0,101,128,302,0,0,0,0,925,0,0,0,0,0,0,0,690,0,0,736,0,0,0,0,0,0,0,0,459,0,0,355,0,0,772,908,0,238,790
"Thermoanaerobacter_italicus",0,0,0,0,111,101,543,0,150,0,0,0,0,0,0,0,0,0,0,0,0,622,0,0,0,0,333,0,92,235,0,0,0,94,0,985,0,592,0,0
"Eggerthella_hongkongensis",0,242,520,0,669,0,0,0,0,188,0,585,0,179,0,0,967,0,530,0,240,924,0,814,0,933,0,0,766,0,0,0,0,0,464,276,0,643,679,0
"Prevotella_conceptionensis",405,0,0,0,0,658,93,0,674,0,782,0,200,0,570,760,0,898,0,215,0,366,0,0,54,669,0,0,910,681,0,0,732,6,0,0,297,413,997,0
"Alloscardovia_omnicolens",232,0,585,830,0,201,0,795,751,0,1000,519,310,123,998,523,324,0,0,0,477,992,0,0,659,0,511,0,229,0,23,0,0,0,0,441,494,0,0,0
"Ruminococcus_bicirculans",80,712,0,646,613,0,0,0,0,101,610,0,0,0,0,457,0,0,0,0,0,0,0,571,0,0,304,699,0,0,228,0,0,0,781,0,0,426,0,0
"Actinomyces_turicensis",0,0,0,0,954,0,0,0,243,771,710,413,171,0,676,444,988,0,0,0,573,0,0,0,0,0,0,0,0,686,0,0,0,0,763,0,138,0,0,78
"Lacticaseibacillus_rhamnosus",0,418,698,0,0,0,591,689,0,264,243,0,654,0,910,0,548,0,0,929,0,671,0,930,0,0,182,0,716,0,0,647,0,0,0,0,443,759,708,0
"Francisella_tularensis",0,0,0,0,0,773,463,0,265,0,321,0,0,0,0,0,259,0,0,0,814,0,0,749,0,0,501,573,0,0,0,947,0,57,775,114,321,462,604,0
"Alistipes_obesi",0,0,243,845,129,0,0,0,0,850,617,741,725,882,331,695,750,14,0,564,746,204,449,0,0,247,670,0,0,0,889,0,0,0,735,0,585,0,368,570
"Bacteroides_barnesiae",0,0,0,0,0,968,0,0,479,922,0,0,0,0,0,617,144,0,0,0,667,0,0,143,875,391,0,0,0,0,790,58,498,0,0,205,119,406,0,0
"Rhodococcus_opacus",0,117,0,0,805,0,0,0,0,110,0,0,549,177,621,0,0,760,0,308,0,672,134,728,0,0,0,749,0,0,0,222,0,0,0,0,455,603,0,831
"Streptococcus_downei",716,56,0,0,376,0,0,0,915,0,0,0,278,717,0,0,933,0,868,0,156,0,0,770,361,0,0,715,0,0,65,562,0,0,767,0,0,89,755,0
"Citrobacter_europaeus",95,0,862,0,0,0,0,874,0,431,0,0,0,321,0,693,497,0,259,685,0,0,825,0,691,0,948,0,0,0,0,0,270,818,0,641,0,0,194,0
"Acidovorax_avenae",631,0,472,0,624,0,0,0,0,270,0,482,0,0,158,0,0,202,53,0,0,381,467,0,0,0,786,0,0,0,857,0,698,248,0,679,0,0,0,446
"Bacillus_mycoides",0,0,0,0,0,43,328,11,496,0,0,529,48,0,0,505,111,637,0,350,0,536,0,0,0,18,0,638,0,0,0,0,0,0,491,0,211,76,0,882
"Desulfobulbus_propionicus",81,795,0,308,446,0,0,0,755,237,0,556,0,0,652,967,0,0,451,27,0,0,0,0,0,833,755,516,35,270,0,329,627,447,140,639,526,927,296,0
"Chlamydia_ibidis",983,100,0,24,162,0,0,0,0,202,0,720,0,0,0,388,0,0,821,0,0,0,263,294,0,0,980,0,0,24,149,0,351,0,0,424,0,0,0,44
"Lachnospiraceae_bacterium",0,404,104,0,0,0,0,0,735,0,0,0,0,0,0,494,714,965,0,0,0,0,0,0,670,0,0,0,0,0,706,0,0,0,0,238,0,63,659,0
"Elizabethkingia_anophelis",0,0,812,0,857,113,0,0,0,0,0,0,911,971,0,0,0,0,0,34,69,628,0,833,0,0,0,0,0,0,897,0,0,0,906,158,610,0,0,57
"Prevotella_jejuni",0,687,351,974,0,433,0,297,0,515,806,0,0,0,0,133,662,641,333,0,0,0,161,0,0,0,0,0,634,0,658,0,0,820,321,506,0,960,982,0
"Butyricicoccus_pullicaecorum",0,620,119,697,812,0,0,681,205,251,0,202,0,889,0,178,0,0,0,0,74,0,12,0,0,0,243,369,0,0,985,810,0,806,661,0,0,328,0,0
"Neisseria_bacilliformis",0,638,0,218,0,202,936,712,0,343,0,364,0,0,0,888,0,0,407,0,0,0,248,0,32,0,459,953,0,0,0,602,0,0,0,0,579,0,0,0
"Actinomyces_radingae",0,0,170,468,244,0,0,0,191,0,687,13,0,342,372,0,79,0,545,651,0,0,0,0,0,0,91,639,0,0,623,0,0,0,203,0,0,0,0,542
"Moraxella_lincolnii",419,416,527,764,988,0,0,705,0,0,0,427,954,0,0,0,791,0,0,0,0,0,0,764,0,0,0,0,0,768,337,0,0,0,0,0,709,857,598,749
"Clavibacter_michiganensis",0,0,0,0,0,408,0,546,0,0,0,74,342,973,958,0,0,951,0,0,192,0,614,0,0,0,0,80,856,121,750,0,0,0,0,942,0,0,0,962
"Bacillus_infantis",0,0,0,0,0,0,0,0,339,0,0,980,0,0,0,18,0,0,0,0,0,0,0,0,0,0,266,0,109,830,0,0,0,759,507,0,0,0,0,372
"Lactobacillus_rhamnosus",429,57,0,0,0,947,271,0,0,648,0,0,0,298,510,0,0,594,0,0,0,105,969,0,0,234,790,0,0,0,0,0,739,0,838,72,12,0,0,0
"Wigglesworthia_glossinidia",0,931,0,0,0,199,0,428,0,273,571,0,956,982,446,833,548,0,441,0,0,0,0,0,0,665,0,0,0,103,0,330,0,765,685,738,0,728,0,0
"Parabacteroides_chinchillae",0,0,247,0,686,32,165,437,174,0,0,0,0,843,150,799,0,0,0,0,0,0,0,905,0,726,756,0,0,176,0,528,429,0,0,0,928,0,0,195
"Anaerococcus_lactolyticus",970,0,0,202,684,723,510,0,629,698,0,0,0,612,583,0,0,0,513,0,0,0,982,0,137,0,0,0,0,0,0,5,467,0,0,0,0,0,0,0
"Haemophilus_quentini",439,0,981,472,839,0,183,0,173,0,0,0,0,0,0,353,0,0,0,10,0,511,0,0,0,0,0,870,844,344,0,0,710,556,549,0,555,624,0,0
"Cloacibacterium_normanense",0,784,0,294,0,0,0,0,0,0,286,0,0,131,0,0,925,0,0,0,0,0,0,0,0,270,438,682,499,736,508,851,138,0,0,204,0,0,0,188
"Nippostrongylus_brasiliensis",0,0,171,0,0,0,815,33,84,0,921,75,0,198,0,497,576,0,0,0,290,0,0,0,0,0,83,0,0,0,786,449,0,937,0,0,595,0,0,12
"Succinispira_mobilis",472,328,779,0,729,0,0,0,0,0,392,0,0,0,0,263,172,383,0,661,0,0,358,0,570,936,751,895,0,0,635,0,760,0,0,167,0,0,738,934
"Shewanella_denitrificans",0,0,0,0,568,0,0,367,0,0,0,0,0,588,0,900,0,725,567,0,91,118,408,52,0,0,0,806,729,0,0,0,154,636,0,334,0,820,101,0
"Anaerobutyricum_hallii",0,0,0,582,0,359,0,0,0,0,639,0,0,0,0,0,455,0,318,0,872,0,0,0,0,0,409,0,968,340,0,478,0,0,0,0,369,118,330,0
"Olsenella_scatoligenes",0,0,687,279,27,0,333,0,0,293,540,0,0,0,0,0,0,0,0,0,99,0,389,0,0,0,0,0,887,0,0,0,0,0,0,231,67,693,107,346
"Eggerthia_catenaformis",0,30,0,0,0,0,411,0,384,712,0,0,0,346,521,0,0,0,0,0,162,0,0,0,0,239,0,0,0,0,0,0,0,619,0,710,0,0,0,0
"Geobacter_lovleyi",867,186,0,403,0,886,761,0,810,0,507,132,0,0,109,771,843,657,75,0,0,913,845,0,939,253,102,0,0,987,0,576,0,850,0,856,756,678,295,0
"Sphingopyxis_terrae",0,287,0,0,376,809,0,0,0,470,0,0,0,564,28,0,445,0,592,52,0,183,0,346,17,708,0,0,0,0,550,455,0,212,0,0,0,0,0,0
"Pseudomonas_aeruginosa",450,0,0,0,193,814,329,334,185,0,812,0,0,0,672,817,11,0,671,0,0,905,4,0,0,0,0,0,0,0,976,0,0,0,937,785,265,676,0,122
"Eubacterium_infirmum",708,0,0,0,0,679,0,631,465,700,0,0,0,0,783,312,0,0,0,0,0,453,0,974,0,0,221,0,0,0,549,0,0,0,822,582,0,0,0,0
"Megasphaera_elsdenii",0,0,0,0,0,0,0,0,494,676,0,727,0,0,664,0,0,0,236,64,0,777,119,805,376,0,731,0,506,0,0,0,746,0,882,0,640,0,0,718
"Acetobacter_aceti",0,358,985,0,97,526,0,499,0,328,383,662,0,546,0,0,341,811,0,0,0,0,0,944,355,504,773,0,0,593,0,824,851,0,0,408,443,960,0,0
"Sphingobacterium_paucimobilis",0,0,0,0,0,0,529,0,0,0,0,0,908,0,0,0,611,399,0,0,911,0,0,0,43,0,0,616,0,0,0,0,0,0,765,78,0,0,0,0
"Streptococcus_pneumoniae",786,0,0,0,604,377,0,102,0,0,910,0,83,743,403,733,0,0,201,0,0,0,0,0,176,0,0,0,0,4,24,0,0,0,0,0,0,286,0,975
"Kingella_denitrificans",0,0,660,244,0,852,44,0,903,0,0,850,811,0,500,0,0,526,0,891,0,0,0,91,937,315,0,0,13,321,0,0,372,923,0,0,0,0,319,512
"Dorea_longicatena",0,0,0,0,0,0,340,791,0,0,975,0,0,0,0,854,754,0,0,0,0,0,0,0,857,0,0,0,0,166,0,0,154,0,0,822,814,805,0,105
"Treponema_lecithinolyticum",0,0,0,0,0,100,0,221,0,0,0,0,335,0,0,754,119,0,0,0,35,0,0,726,0,0,163,273,0,3,0,0,15,0,22,0,953,0,748,893
"Corynebacterium_pseudodiphtheriticum",0,0,0,0,0,674,840,105,0,0,348,204,0,0,0,0,282,357,0,0,0,823,0,762,0,0,0,502,0,966,0,891,172,958,361,0,78,262,0,0
"Bifidobacterium_choerinum",0,0,828,0,0,0,194,0,10,0,0,930,0,0,230,0,0,0,0,885,0,0,0,0,0,199,539,0,0,235,702,227,0,169,0,933,44,0,0,0
"Lactobacillus_antri",581,557,0,0,0,0,0,409,0,562,842,0,553,83,0,738,406,0,403,504,981,0,0,0,0,474,65,805,380,685,0,27,0,0,751,957,0,0,0,0
"Shewanella_baltica",0,0,824,0,0,0,152,0,0,0,0,0,158,0,0,0,0,0,952,0,0,709,879,0,680,136,0,0,176,0,0,0,0,0,385,0,0,0,585,29
"Providencia_stuartii",0,636,0,0,254,0,712,188,0,0,0,0,928,0,0,524,163,0,0,98,202,796,110,240,251,130,0,0,0,673,0,893,0,0,0,971,872,0,0,0
"Eisenbergiella_massiliensis",787,254,759,0,445,657,403,0,978,0,0,0,0,835,0,0,0,0,0,69,0,0,283,649,0,0,408,0,0,839,976,0,0,0,0,0,0,0,0,0
"Ketogulonicigenium_vulgare",0,0,0,752,0,0,0,340,67,0,0,0,50,591,0,422,168,570,0,346,836,0,27,777,109,497,35,879,125,417,69,0,0,297,0,286,0,0,0,0
"Bacillus_mojavensis",853,687,707,662,0,0,0,0,0,0,988,0,779,0,184,0,977,0,188,0,765,890,0,0,981,417,0,0,0,0,0,0,426,0,985,629,955,0,510,673
"Anaerostipes_hadrus",0,541,0,0,537,0,0,175,69,0,0,0,0,0,0,0,0,431,0,0,0,0,0,0,861,0,0,0,0,733,0,293,0,0,0,306,28,0,0,0
"Anaerotignum_propionicum",0,0,0,0,104,136,781,0,385,715,213,632,626,231,190,0,0,0,442,349,0,826,0,353,0,897,0,38,0,0,0,0,0,892,881,0,0,0,995,0
"Desulfarculus_baarsii",485,664,399,0,170,372,0,0,261,0,0,0,0,0,576,223,0,0,0,554,0,0,0,739,846,0,0,0,0,402,0,0,984,0,0,0,112,629,947,0
"Pseudescherichia_vulneris",0,0,0,0,0,0,0,0,590,0,0,125,0,0,0,0,0,0,641,0,0,0,0,0,0,443,0,831,0,0,969,835,0,0,350,0,0,275,0,493
"Bifidobacterium_coryneforme",251,0,0,0,952,0,0,0,0,260,132,0,0,216,0,0,165,0,0,0,147,0,788,0,835,0,964,283,953,292,242,364,501,587,171,0,562,217,457,0
"Blautia_obeum",0,0,0,162,0,201,307,209,208,0,0,145,0,0,0,755,71,0,908,0,0,0,0,956,957,0,721,0,0,284,0,0,0,0,515,0,650,0,0,869
"Porphyromonas_uenonis",428,60,992,460,848,0,0,929,993,0,668,0,0,0,304,502,0,387,0,0,244,0,0,0,201,0,0,278,0,0,0,0,0,0,467,0,0,0,435,0
"Carboxydothermus_hydrogenoformans",0,0,0,202,0,24,0,324,931,0,0,0,0,804,0,0,0,723,0,518,0,505,0,506,0,693,0,0,540,64,966,0,394,0,890,0,0,136,0,0
"Clostridium_sporogenes",185,762,0,888,947,0,0,0,999,0,0,0,802,0,0,0,387,407,0,0,0,0,0,0,284,0,0,119,0,0,0,439,0,844,0,0,480,582,0,484
"Mesorhizobium_loti",0,0,0,0,71,0,0,0,0,0,326,0,0,469,0,0,0,221,948,417,0,0,484,0,615,567,0,588,0,0,741,652,0,0,0,0,0,655,0,0
"Clostridium_tyrobutyricum",489,162,0,0,568,0,0,0,0,0,896,890,0,685,0,0,0,0,0,844,0,483,0,0,0,0,823,300,394,0,884,0,0,9,0,613,997,0,928,748
"Megamonas_funiformis",0,0,673,919,0,0,23,0,0,0,122,0,0,184,0,0,0,639,345,0,0,0,708,49,489,838,347,0,0,0,0,0,591,0,0,0,0,753,404,0
"Oribacterium_asaccharolyticum",0,517,590,0,141,0,0,0,0,261,46,0,0,0,0,372,0,875,0,0,412,0,0,532,0,0,0,0,0,970,0,621,0,0,0,0,7,701,0,32
"Lysinibacillus_fusiformis",0,0,0,0,0,812,352,737,625,0,0,0,556,514,0,366,0,946,627,0,0,0,560,409,0,0,0,0,0,0,422,0,0,163,126,448,558,0,489,131
"Porphyromonas_endodontalis",241,464,0,469,0,0,0,0,0,0,0,0,962,0,0,343,0,0,0,0,377,679,172,0,0,800,301,0,608,0,394,0,0,0,0,0,0,956,661,0
"Lactobacillus_curvatus",382,0,478,0,0,703,606,0,37,168,0,0,0,0,0,283,0,0,0,417,0,494,0,0,0,259,0,0,38,360,359,943,180,0,0,0,0,72,0,0
"Serratia_liquefaciens",954,47,0,0,0,0,0,0,495,473,0,0,0,20,0,0,0,0,0,904,0,0,0,572,0,862,0,0,0,0,0,211,0,606,0,0,0,0,358,0
"Clostridium_bolteae",0,0,704,237,0,0,0,551,0,0,719,79,357,651,721,753,0,0,0,963,939,0,0,648,640,88,0,241,63,0,0,0,0,0,0,275,869,772,0,0
"Weissella_koreensis",0,225,0,86,0,0,722,914,994,0,0,0,0,254,671,0,404,851,0,0,0,749,0,0,0,284,0,0,692,0,0,802,0,0,0,0,0,0,0,0
"Kineococcus_radiotolerans",556,685,0,0,230,157,436,0,570,935,0,587,0,0,597,0,359,550,685,0,0,0,0,504,770,0,733,0,0,455,561,0,0,470,301,0,0,0,0,19
"Thermoanaerobacterium_saccharolyticum",0,578,0,120,825,0,276,884,409,0,0,0,0,0,0,788,0,397,0,0,394,0,0,0,355,0,0,455,94,0,0,0,327,0,279,884,0,116,942,0
"Shewanella_algae",737,0,521,271,159,330,0,0,491,317,335,272,0,464,146,775,0,214,542,597,0,665,938,833,813,0,0,0,580,0,495,915,0,0,0,0,136,967,0,790
"Prevotella_buccae",0,0,0,0,0,265,0,138,0,0,645,737,0,0,182,525,230,0,908,546,0,978,0,0,389,0,477,0,0,0,0,150,0,505,0,0,0,0,849,555
"Staphylococcus_capitis",0,993,0,440,388,0,0,128,441,0,0,149,994,583,769,449,0,452,0,769,0,0,737,928,0,0,64,847,0,0,0,0,0,0,0,0,934,170,464,0
"Clostridium_difficile",0,0,727,0,0,0,689,0,451,585,0,0,0,0,536,0,344,0,0,865,55,101,685,272,304,0,545,0,0,0,0,0,0,0,0,956,0,474,232,0
"Catenibacterium_mitsuokai",0,447,0,0,0,146,0,0,0,0,257,0,0,0,0,64,523,926,176,131,0,0,100,0,0,0,0,710,146,930,0,0,0,0,80,185,0,0,0,0
"Dickeya_zeae",0,0,689,833,956,0,0,0,0,0,0,104,0,830,0,0,523,690,537,290,0,748,341,0,0,296,821,0,0,953,0,935,0,0,0,0,226,0,0,0
"Proteus_hauseri",0,0,0,0,0,0,716,279,0,0,381,0,0,0,894,0,0,772,0,942,881,0,322,0,0,854,0,0,0,567,769,0,670,643,211,0,0,0,0,0
"Roseburia_inulinivorans",0,0,269,0,0,0,0,0,834,0,0,0,738,0,0,0,0,0,650,0,0,0,992,305,0,0,0,0,352,0,0,0,0,0,155,0,0,0,0,0
"Gemella_haemolysans",236,0,0,708,301,212,0,0,0,104,754,916,0,0,0,0,0,584,0,205,992,214,750,0,0,0,864,779,0,0,760,0,990,0,0,0,0,0,0,597
"Treponema_denticola",0,0,125,0,0,941,849,0,0,0,74,0,492,0,0,0,0,0,0,0,0,631,685,0,0,412,0,0,0,0,805,877,0,0,0,926,93,420,514,158
"Brevundimonas_vesicularis",0,405,484,0,0,0,0,83,0,0,337,0,299,0,275,372,592,0,0,549,0,0,0,0,262,572,433,0,0,0,471,0,0,0,450,0,507,0,697,0
"Helicobacter_acinonychis",0,264,55,950,563,241,0,0,127,0,0,867,801,790,215,967,0,0,605,0,0,995,353,763,0,891,0,0,327,317,0,343,0,197,0,0,133,0,745,0
"Lactobacillus_nodensis",0,0,0,0,64,613,542,0,0,0,623,79,0,438,0,0,0,0,0,0,84,475,389,0,710,0,0,0,0,0,0,0,0,696,843,0,0,0,984,621
"Bacteroides_faecichinchillae",303,0,321,0,0,862,0,0,0,0,0,0,861,0,0,0,0,0,719,0,0,434,0,607,0,686,0,0,0,698,0,703,0,0,648,0,2,264,586,0
"Polaromonas_naphthalenivorans",938,0,0,0,0,0,0,732,0,0,0,0,111,947,771,0,804,0,242,0,0,835,0,0,0,0,212,0,0,0,0,556,0,668,0,372,952,0,0,0
"Staphylococcus_equorum",0,0,0,0,0,683,0,0,0,0,0,0,292,920,0,0,0,0,435,590,0,0,0,0,769,0,138,0,450,0,886,0,0,0,0,0,0,36,0,997
"Erwinia_tasmaniensis",0,54,0,0,0,0,0,0,0,550,546,0,694,0,0,662,0,0,560,0,271,715,375,0,0,306,0,0,598,0,0,0,0,0,0,0,796,0,0,520
"Lactobacillus_oris",425,0,120,0,0,0,0,0,566,0,813,0,0,0,135,0,464,225,0,0,57,695,0,935,0,131,188,0,708,0,629,0,63,984,0,0,832,153,0,208
"Dialister_invisus",597,0,0,584,0,0,486,333,0,0,678,0,58,0,0,544,0,822,0,0,0,0,0,417,746,0,0,0,670,0,0,29,475,0,0,0,224,0,319,0
"Staphylococcus_hominis",0,692,0,791,0,320,386,697,632,0,0,519,380,0,0,0,358,0,765,0,0,0,578,892,0,0,0,926,289,0,4,913,696,911,0,855,0,0,878,0
"Burkholderia_mallei",913,642,0,0,19,0,505,0,0,0,0,0,0,0,0,0,0,0,987,155,0,64,410,0,0,0,125,0,65,0,0,0,0,0,0,287,585,0,846,0
"Corynebacterium_glutamicum",0,184,721,0,0,363,0,0,984,921,0,0,578,0,0,849,714,0,0,954,712,890,44,564,0,188,0,0,0,75,671,0,0,0,0,0,0,0,963,0
"Arcanobacterium_haemolyticum",261,630,0,0,724,0,0,186,0,0,0,0,543,0,0,0,0,0,552,0,0,657,410,262,0,713,0,0,0,157,0,0,52,555,0,621,0,0,395,0
"Streptococcus_pyogenes",759,0,0,0,0,0,585,612,0,221,0,0,829,982,0,0,959,0,52,0,0,739,0,0,0,0,743,0,0,0,0,531,360,129,0,43,0,341,596,0
"Veillonella_rodentium",558,0,0,681,0,357,0,0,162,55,0,718,0,0,643,563,641,0,0,0,749,0,0,414,789,0,832,0,854,0,0,0,0,0,0,0,0,0,572,876
"Edwardsiella_ictaluri",0,0,0,0,0,0,0,0,0,0,600,0,379,0,0,0,877,579,180,0,99,0,0,0,0,0,0,759,115,514,0,223,44,102,0,0,280,202,444,962
"Gardnerella_vaginalis",604,0,0,0,0,0,0,0,822,0,624,0,507,0,851,919,0,695,0,57,0,0,0,218,0,839,0,525,0,430,0,0,994,0,0,820,47,223,0,478
"Bacillus_licheniformis",44,324,0,0,0,0,82,0,0,0,0,0,0,947,0,0,190,0,465,268,0,247,961,732,0,0,0,0,940,0,610,0,0,111,54,0,0,521,0,0
"Streptococcus_peroris",0,878,0,0,130,666,563,82,0,0,924,657,922,31,495,0,651,0,0,457,871,0,0,0,576,0,0,0,0,39,0,0,0,515,156,448,0,0,0,361
"Helicobacter_bilis",0,0,0,0,499,564,882,0,0,0,0,0,918,193,0,0,0,46,0,0,820,0,800,0,371,315,0,574,0,11,0,442,0,0,0,0,153,0,0,0
"Eubacterium_ventriosum",0,998,0,192,0,0,34,0,788,0,147,475,0,0,0,926,623,0,0,568,0,0,600,157,0,0,0,286,0,0,0,0,278,0,803,0,0,321,911,0
"Pantoea_agglomerans",0,95,0,0,0,0,0,0,0,0,0,365,232,0,386,0,0,198,697,0,0,0,667,0,0,228,0,0,0,0,0,864,925,0,0,0,0,0,0,0
"Bacillus_subtilis",0,643,361,0,0,799,18,641,0,0,606,167,954,818,0,0,0,0,0,214,939,0,456,0,0,0,419,611,0,44,0,0,0,606,0,480,396,0,405,838
"Leuconostoc_lactis",575,909,0,562,415,0,542,131,0,0,0,706,0,494,439,0,106,24,0,0,0,526,0,230,0,0,0,405,0,0,0,596,0,0,0,0,0,0,0,128
"Methylocella_silvestris",0,666,0,0,544,425,716,939,169,0,0,0,0,0,0,0,0,0,412,0,724,0,0,0,926,800,296,779,0,225,547,0,0,879,668,245,0,0,977,142
"Yersinia_bercovieri",0,0,0,34,0,263,342,688,0,0,0,0,0,349,0,461,0,0,577,397,301,521,0,419,756,0,0,441,0,0,0,0,0,0,0,0,737,0,0,0
"Shewanella_amazonensis",0,289,0,0,0,0,723,0,0,53,133,0,0,0,66,832,0,0,0,0,0,233,0,49,912,29,0,0,652,0,11,0,0,0,473,978,135,0,0,79
"Halorhodospira_halophila",0,0,0,786,0,0,0,0,120,198,0,0,0,861,76,14,0,784,301,0,695,0,0,0,0,0,0,0,0,0,210,0,0,759,271,0,691,377,0,0
"Streptococcus_equinus",537,0,252,0,952,0,0,0,0,0,0,0,0,180,0,0,218,0,542,655,223,0,0,102,870,0,957,0,565,0,0,0,0,0,689,0,0,0,0,0
"Burkholderia_vietnamiensis",0,836,0,0,0,0,218,600,620,999,6,0,762,795,0,0,0,4,0,796,0,0,0,776,887,0,294,543,418,0,0,569,0,0,0,0,0,0,0,675
"Vibrio_splendidus",0,0,0,105,13,115,387,773,0,913,0,0,0,0,0,645,670,0,0,902,0,479,0,385,0,0,0,0,526,829,0,0,122,0,693,0,0,802,0,0
"Dialister_micraerophilus",829,0,0,0,0,0,200,223,761,0,297,442,361,0,788,843,10,521,0,413,0,184,791,0,0,0,0,150,0,499,846,340,0,926,0,0,872,0,835,0
"Pseudoalteromonas_tetraodonis",0,0,667,0,0,0,0,0,0,452,0,923,0,0,911,0,513,945,10,0,0,0,0,0,585,0,0,0,219,8,0,939,453,615,467,0,0,0,214,525
"Dyadobacter_fermentans",0,829,594,292,743,0,0,152,461,0,0,0,0,618,531,0,214,0,0,0,0,0,0,0,0,452,816,663,0,0,0,0,0,0,367,0,388,0,0,70
"Chromobacterium_violaceum",0,0,0,184,404,927,0,0,238,0,0,0,0,0,0,671,0,657,0,582,0,557,630,0,106,0,102,0,102,0,207,215,0,160,901,0,0,8,0,656
"Anaerococcus_octavius",0,0,471,476,0,241,0,670,175,669,658,0,0,0,0,864,422,0,0,0,865,0,0,821,0,0,0,0,140,0,0,0,0,0,670,0,0,0,129,961
"Microbacterium_paraoxydans",0,878,901,8,674,0,0,512,0,0,0,0,0,0,0,0,0,0,0,398,202,78,434,265,937,304,0,0,0,0,138,0,0,0,0,950,0,696,0,0
"Cetobacterium_somerae",0,0,0,0,0,0,0,0,0,528,56,853,0,132,0,69,91,325,87,0,400,0,0,535,386,970,0,249,0,792,0,294,350,0,24,0,304,0,821,480
"Ruminococcus_champanellensis",0,847,317,0,51,0,0,0,0,292,392,391,525,574,568,0,0,0,0,0,0,0,0,661,0,278,0,403,0,427,0,75,405,0,200,0,0,203,88,64
"Facklamia_hominis",747,0,0,0,0,0,0,865,758,0,0,0,705,0,0,0,0,0,0,0,321,0,0,0,0,0,439,615,0,0,0,14,0,540,326,981,912,0,647,0
"Streptococcus_caballi",0,0,376,0,0,652,969,677,0,0,0,0,424,0,0,612,0,0,0,0,119,0,440,0,0,0,0,0,287,470,374,790,0,0,0,0,451,577,0,0
"Burkholderia_pseudomallei",0,148,0,525,527,915,544,623,172,620,0,0,354,0,519,697,585,161,0,0,927,0,128,726,0,0,0,0,0,0,0,377,0,0,192,0,0,0,0,0
"Hungateiclostridium_clariflavum",0,270,0,0,0,563,0,0,75,160,653,0,0,0,481,0,126,471,471,626,722,0,558,0,0,788,0,0,0,214,204,0,0,0,0,0,459,0,0,0
"Kosakonia_cowanii",0,89,0,773,0,288,0,658,163,0,0,0,0,0,533,45,0,516,0,0,0,0,0,0,236,0,666,0,0,0,538,407,603,0,0,0,0,0,495,0
"Hafnia_alvei",612,0,897,0,0,0,41,0,0,15,356,0,289,0,0,0,921,0,0,0,0,0,0,120,542,0,0,0,0,0,0,0,379,105,0,141,0,0,0,0
"Actinomyces_radicidentis",0,0,0,0,644,239,0,0,792,550,649,306,0,620,0,524,448,478,462,89,839,0,0,0,0,544,0,896,0,0,855,804,0,70,0,0,782,0,647,0
"Rhodobacter_capsulatus",759,0,0,756,0,779,0,673,0,0,0,989,644,625,0,0,0,237,0,0,0,0,0,0,160,0,0,0,0,0,562,0,0,0,0,117,0,0,159,152
"Erythrobacter_litoralis",286,0,0,0,0,821,0,0,139,0,971,0,340,657,229,0,305,437,45,0,963,192,380,619,139,924,603,791,0,0,18,944,0,875,0,0,0,0,0,0
"Halomonas_boliviensis",0,0,900,821,0,835,85,0,0,0,0,0,0,0,0,0,914,402,0,840,344,0,0,0,0,112,0,777,39,0,176,0,0,0,38,0,0,0,675,0
"Moritella_abyssi",0,560,0,268,0,0,0,792,0,136,209,545,279,0,0,0,0,157,0,0,0,0,0,0,0,428,0,0,0,0,0,497,825,0,0,911,0,0,0,357
"Lachnoanaerobaculum_umeaense",0,0,0,0,0,654,615,0,368,0,938,0,0,0,0,0,0,338,0,355,382,875,29,306,0,0,0,0,629,637,511,191,0,0,740,0,591,0,0,324
"Edwardsiella_tarda",0,0,0,0,0,0,3,0,585,0,0,0,0,0,763,589,615,453,0,0,374,0,399,0,0,269,0,0,0,0,0,0,270,871,181,477,0,723,0,450
"Geobacter_metallireducens",0,0,0,618,0,0,343,0,0,0,0,0,0,0,0,0,0,737,0,947,427,207,0,0,0,0,0,0,0,502,0,0,0,232,0,540,687,0,686,0
"Treponema_maltophilum",0,0,0,845,0,0,245,656,996,43,0,0,992,0,0,629,0,0,365,0,56,0,0,0,0,0,0,0,745,0,0,0,0,0,669,0,0,414,0,835
"Fusobacterium_equinum",0,0,0,0,718,0,0,67,0,0,753,188,0,0,274,0,805,0,0,773,341,0,0,342,721,0,477,0,0,0,0,610,0,0,0,0,0,749,92,0
"Bacillus_altitudinis",0,0,863,0,0,801,0,0,159,0,0,0,249,0,742,0,0,0,0,209,0,0,0,0,0,0,0,0,995,0,0,798,532,610,0,570,0,882,211,0
"Aerococcus_viridans",577,0,953,798,0,0,203,425,0,0,0,0,125,0,0,981,0,0,0,203,785,0,950,0,0,187,0,0,640,0,475,0,878,0,0,0,0,0,0,0
"Kluyvera_ascorbata",0,797,0,0,0,904,0,778,0,510,0,0,0,0,0,13,719,375,0,573,0,444,0,0,0,784,0,0,0,0,0,0,412,0,0,0,0,0,0,30
"Geobacillus_stearothermophilus",922,0,0,46,849,825,379,0,0,0,0,0,0,963,0,378,0,607,0,0,142,591,633,0,0,361,0,525,179,627,122,0,358,0,0,0,863,0,0,0
"Campylobacter_hyointestinalis",0,0,311,0,0,0,521,0,459,0,0,0,0,366,644,0,845,0,0,0,0,0,0,0,442,442,0,0,368,0,0,416,356,142,0,652,317,0,0,163
"Criibacterium_bergeronii",70,0,0,0,0,0,704,91,789,0,711,0,740,96,0,851,0,399,843,0,0,730,0,782,0,0,0,0,0,799,0,0,0,418,0,909,712,52,556,0
"Burkholderia_phymatum",0,0,210,0,0,478,187,137,123,0,609,142,0,702,0,0,0,934,0,777,0,912,0,0,552,0,499,0,589,0,15,0,0,0,0,629,0,0,385,0
"Ruminococcus_lactaris",0,0,326,0,0,227,0,0,560,0,967,0,168,0,187,965,0,393,398,128,0,0,128,593,0,159,184,320,0,0,0,0,0,254,490,788,0,0,0,0
"Corynebacterium_pyruviciproducens",0,0,629,0,0,438,265,0,51,0,673,989,0,721,0,879,0,162,59,386,913,0,0,0,0,0,0,304,0,729,145,0,0,187,0,909,0,570,0,389
"Moraxella_lacunata",96,566,0,0,185,0,0,0,370,0,0,0,0,0,0,903,290,587,0,0,0,0,0,26,524,286,0,0,710,0,850,0,0,491,0,0,0,240,0,0
"Empedobacter_brevis",0,589,0,369,585,0,33,238,0,0,0,0,0,0,0,768,0,0,981,0,605,0,39,510,0,571,239,0,0,0,0,318,0,0,0,444,0,0,0,0
"Bacteroides_galacturonicus",683,0,700,0,0,0,0,0,0,0,338,0,0,0,0,0,0,297,0,495,269,0,847,372,0,0,0,0,832,0,0,0,0,0,0,0,0,0,0,975
"Vibrio_kanaloae",438,0,878,0,0,72,0,0,0,0,0,0,536,122,0,0,0,769,0,710,0,0,0,427,0,323,669,671,0,0,0,0,0,640,743,184,0,152,0,0
"Clostridium_butyricum",0,0,415,516,0,0,805,488,0,77,0,0,703,0,0,0,0,0,359,489,0,28,521,0,479,0,0,0,443,0,0,0,0,774,971,986,510,0,0,0
"Lachnospira_pectinoschiza",0,110,0,0,917,0,988,466,1000,0,0,0,291,0,0,0,433,903,0,925,0,0,283,0,0,0,0,969,0,268,842,0,0,0,667,559,0,1000,0,0
"Bifidobacterium_thermophilum",0,131,0,0,0,0,267,13,675,0,0,0,642,161,0,0,136,965,135,0,0,291,0,0,0,0,0,0,0,599,719,0,0,16,0,0,0,293,0,0
"Staphylococcus_caprae",0,0,0,756,985,435,0,903,0,0,645,0,910,0,0,0,0,0,0,788,347,558,0,0,0,0,0,0,0,0,267,0,397,0,574,436,0,940,0,0
"Yersinia_kristensenii",0,0,0,280,2,0,0,0,0,828,273,0,825,0,0,650,0,399,0,0,0,784,0,0,0,847,0,0,0,270,0,0,387,535,21,0,787,89,0,0
"Proteus_vulgaris",752,620,0,0,0,166,0,379,0,370,448,0,0,0,793,0,0,23,0,634,701,0,469,0,0,450,0,0,0,737,483,0,0,0,0,5,0,0,0,0
"Bifidobacterium_dentium",616,0,0,0,0,0,615,0,765,0,0,521,0,0,0,821,549,0,0,0,394,0,0,892,646,0,0,497,591,541,0,852,0,0,116,0,600,0,687,0
"Collinsella_intestinalis",0,0,0,776,0,510,0,0,0,0,329,0,913,0,0,0,0,0,0,0,263,0,922,230,0,983,0,0,0,0,0,431,0,0,466,796,0,0,604,0
"Corynebacterium_accolens",0,0,0,708,0,633,0,0,187,0,0,0,0,59,0,0,0,0,0,0,847,0,705,668,650,366,449,519,0,891,0,0,0,808,132,0,366,0,0,739
"Veillonella_ratti",0,696,0,517,914,0,147,0,0,146,500,532,0,0,414,453,0,0,535,162,183,653,0,109,242,0,169,221,459,0,862,45,389,0,0,81,0,57,0,564
"Geobacillus_thermodenitrificans",0,0,90,177,352,0,544,382,481,0,963,0,0,796,0,0,17,124,0,0,512,0,0,0,0,0,281,0,0,0,662,539,563,687,507,348,0,891,0,0
"Actinotignum_timonense",434,0,968,449,0,0,0,0,366,217,331,0,301,276,0,565,0,681,366,299,0,0,0,0,0,0,211,694,660,0,715,0,0,0,541,0,0,0,0,754
"Weissella_cibaria",706,0,0,722,0,0,227,0,0,0,0,369,0,0,0,0,0,0,563,183,855,0,0,0,100,189,278,0,0,198,262,762,688,182,315,16,691,0,0,135
"Vibrio_campbellii",0,958,0,0,0,874,129,0,0,708,0,0,0,0,964,0,0,120,623,938,519,0,501,899,101,397,0,432,775,0,0,0,67,0,0,858,691,0,0,0
"Vibrio_alginolyticus",0,0,252,0,0,0,0,0,0,388,212,0,0,0,291,137,0,312,390,0,0,421,0,642,0,0,0,0,0,0,0,0,150,499,0,751,0,318,385,0
"Nitrobacter_winogradskyi",0,26,0,155,0,0,0,0,981,0,329,738,184,163,943,666,0,708,289,0,992,0,374,0,0,210,0,0,0,0,0,0,30,0,993,0,0,0,771,847
"Comamonas_kerstersii",0,746,298,0,940,282,0,0,804,0,0,0,9,0,493,0,128,0,0,0,221,0,532,96,536,0,995,393,0,0,94,692,0,181,0,474,828,31,532,0
"Haemophilus_aegyptius",189,0,124,0,132,787,998,0,1,194,0,0,0,956,922,0,0,0,0,324,315,0,0,504,0,0,0,0,150,326,0,0,0,0,991,0,0,0,901,0
"Schaalia_cardiffensis",432,0,0,408,883,0,0,0,0,0,0,0,0,0,980,350,176,689,0,481,0,0,0,546,791,0,0,186,0,471,0,0,0,0,11,755,865,332,719,103
"Holdemanella_biformis",0,0,0,0,0,0,0,0,691,367,0,0,155,131,0,780,0,0,260,605,0,0,429,198,0,0,679,0,154,0,0,123,0,449,443,0,0,548,901,0
"Enterococcus_avium",0,0,768,0,0,0,672,402,0,634,0,0,0,0,929,0,892,897,0,0,901,0,0,0,311,900,264,926,0,0,0,598,0,0,0,0,0,70,300,0
"Desulfatibacillum_aliphaticivorans",10,0,0,0,0,467,0,623,0,0,608,0,0,528,66,22,526,0,0,0,0,0,0,0,920,378,0,72,798,0,0,0,0,308,0,0,623,0,821,46
"Tsukamurella_paurometabola",642,332,186,851,530,0,0,0,644,733,0,0,0,500,954,0,328,0,0,0,0,0,0,0,907,0,747,0,548,0,792,477,0,0,0,0,460,0,0,792
"Streptococcus_agalactiae",141,0,0,0,0,18,434,0,384,699,0,0,354,0,0,0,0,0,0,587,660,0,0,0,0,0,0,0,646,0,862,0,525,0,0,532,0,0,328,0
"Prevotella_enoeca",367,97,0,0,757,0,661,0,0,0,519,834,0,559,0,405,397,0,0,0,0,0,0,825,0,899,0,222,189,0,440,740,0,0,0,0,0,0,924,0
"Bordetella_petrii",288,122,356,0,511,851,543,972,124,0,407,0,777,0,0,0,355,0,25,0,526,0,313,119,0,0,514,0,0,0,0,26,0,0,138,0,687,912,0,0
"Bacteroides_clarus",0,0,0,136,647,0,0,393,682,0,0,127,0,0,675,818,0,856,779,868,0,0,7,0,0,102,434,0,0,0,0,0,304,235,0,496,31,0,0,0
"Chryseobacterium_arachidis",878,557,0,0,795,0,0,0,279,0,793,7,0,0,166,0,0,408,54,0,0,592,0,0,307,942,361,958,266,0,0,0,0,0,0,990,143,0,0,0
"Alistipes_inops",17,0,0,496,0,512,0,958,273,282,540,0,139,0,0,0,0,0,56,0,0,682,0,739,0,0,124,705,141,0,56,827,0,833,0,0,0,0,0,429
"Bergeyella_zoohelcum",24,0,0,0,192,0,35,0,407,323,0,0,614,0,0,0,445,498,0,505,901,538,0,0,0,886,437,0,0,0,0,0,0,603,453,0,900,0,0,0
"Corynebacterium_hadale",537,427,0,6,0,0,0,0,0,320,0,0,72,0,232,353,0,0,0,0,0,0,829,201,730,0,0,0,0,0,0,541,172,0,316,0,0,0,0,507
"Desulfocurvibacter_africanus",0,0,0,566,0,0,278,0,160,0,530,798,0,0,891,0,0,320,346,0,896,0,0,0,383,521,607,0,706,0,0,0,0,750,0,0,0,0,741,945
"Brevibacillus_brevis",0,409,0,0,0,0,0,0,930,720,0,0,89,223,0,0,25,309,0,0,658,0,594,0,0,0,0,0,732,0,0,0,0,11,0,635,255,0,54,0
"Erysipelatoclostridium_ramosum",0,323,0,0,0,695,498,230,0,636,0,539,0,0,0,0,0,0,0,0,0,0,0,155,0,678,0,0,0,687,0,0,214,720,0,647,769,365,0,0
"Prevotella_albensis",0,0,0,0,0,0,459,0,0,0,0,0,478,0,661,0,189,0,0,0,20,690,803,981,0,0,698,0,925,296,0,484,0,386,0,0,262,458,600,369
"Neisseria_subflava",888,780,447,0,718,0,0,0,0,0,0,704,41,525,0,12,340,0,0,710,918,0,637,903,0,0,0,0,0,509,851,0,0,188,0,0,0,0,120,639
"Bartonella_bacilliformis",0,104,406,0,493,415,0,0,429,0,915,0,101,636,0,0,0,563,0,0,0,0,0,0,651,0,0,0,31,0,0,235,0,239,0,843,818,0,158,43
"Peptococcus_niger",640,0,9,527,253,265,61,902,129,0,0,0,0,691,0,0,0,0,0,45,0,0,0,696,0,382,0,857,710,0,339,0,0,361,143,0,0,0,338,870
"Phascolarctobacterium_faecium",0,0,0,0,0,920,0,137,0,0,0,0,624,0,0,0,0,0,677,0,972,0,0,0,0,0,0,0,177,170,0,583,757,0,0,0,228,0,0,0
"Enterococcus_pseudoavium",0,0,480,673,534,0,0,525,763,806,0,0,585,0,883,0,781,0,0,91,0,0,0,700,58,0,6,0,0,913,321,576,0,306,0,784,18,0,94,0
"Lawsonella_clevelandensis",0,0,178,10,0,0,336,0,88,0,0,471,985,0,0,0,0,0,0,0,0,0,0,153,0,223,0,0,805,173,886,335,945,187,0,0,793,0,0,0
"Corynebacterium_glucuronolyticum",485,608,41,981,0,804,0,7,930,0,536,985,598,0,0,0,643,744,0,814,85,450,5,288,0,0,0,0,805,64,0,895,0,0,0,701,420,0,0,0
"Bifidobacterium_breve",0,0,910,792,0,0,129,738,0,0,0,0,0,44,0,0,280,0,165,0,0,0,494,90,888,0,0,0,0,98,0,0,88,652,0,0,868,0,0,944
"Ruminococcus_albus",398,0,0,0,0,0,835,0,0,136,0,0,0,14,0,0,0,0,71,0,0,0,0,0,367,0,0,0,898,115,0,0,0,285,0,904,923,0,500,0
"Streptococcus_equi",93,292,0,0,0,0,0,0,665,0,38,9,0,361,0,0,0,0,733,0,0,0,723,0,0,360,270,794,868,742,0,149,0,0,0,0,0,718,0,82
"Selenomonas_ruminantium",181,0,0,295,793,0,0,0,0,916,691,0,625,834,0,0,0,0,998,0,0,7,396,397,0,0,0,733,930,838,0,427,169,230,528,0,0,0,0,0
"Lactobacillus_kullabergensis",162,0,0,29,955,46,0,0,0,0,709,392,0,0,951,0,0,0,0,695,319,873,0,985,0,495,925,0,976,0,924,0,0,332,0,0,107,0,0,0
"Streptococcus_thermophilus",624,376,0,0,923,0,0,116,0,0,0,0,301,0,0,796,0,970,0,0,0,0,39,720,0,0,0,857,0,409,29,0,816,263,742,843,0,647,750,0
"Prevotella_colorans",0,663,806,0,915,765,0,0,0,0,473,84,0,213,78,873,0,0,0,0,0,0,0,0,0,61,0,0,769,55,0,683,0,0,0,284,831,665,0,134
"Yersinia_pseudotuberculosis",0,0,54,0,993,844,736,0,542,0,841,0,0,0,155,0,457,518,0,0,168,0,0,191,0,0,96,765,639,0,252,110,188,0,0,0,0,284,457,0
"Haemophilus_pittmaniae",126,930,0,0,0,682,395,0,0,934,0,0,0,0,0,698,446,0,0,609,35,0,0,0,748,755,534,0,843,901,623,631,810,0,0,0,530,0,0,0
"Elizabethkingia_miricola",676,0,0,0,622,0,0,725,559,0,184,438,0,0,0,0,0,0,0,0,389,0,715,564,0,42,0,0,0,710,312,0,0,40,0,0,0,0,645,0
"Parvimonas_micra",312,0,115,0,682,0,0,340,0,0,663,0,0,0,968,0,0,355,0,0,155,645,0,0,0,0,0,702,0,400,144,0,0,0,192,0,0,0,0,0
"Blautia_hydrogenotrophica",0,158,0,713,0,0,0,0,0,232,0,0,0,708,0,496,736,545,0,0,0,345,0,493,560,0,0,995,741,0,0,0,34,793,672,342,0,927,0,0
"Tetragenococcus_halophilus",0,0,0,93,630,0,0,0,0,0,0,0,0,0,0,83,100,0,710,0,623,0,0,0,0,745,34,0,0,726,0,0,585,0,27,375,0,337,597,0
"Bacteroides_caecimuris",21,0,0,598,0,545,451,0,0,0,100,0,0,64,0,0,0,0,0,0,242,0,0,839,241,0,0,572,774,0,0,801,585,0,0,129,0,333,912,0
"Streptococcus_ratti",0,144,0,0,0,0,0,0,0,528,0,0,337,269,612,0,0,697,0,997,0,825,442,270,318,0,43,43,569,0,197,391,330,0,100,309,853,0,868,0
"Actinomyces_naeslundii",0,355,0,14,0,0,109,119,0,0,0,0,250,0,0,0,0,0,0,65,0,0,114,0,347,845,0,0,200,0,0,895,0,0,442,364,0,0,651,596
"Veillonella_atypica",0,0,0,0,402,0,0,63,0,0,0,0,0,0,0,0,0,271,0,985,0,675,0,0,0,0,0,0,0,0,469,603,0,0,0,0,0,0,0,0
"Bifidobacterium_thermacidophilum",0,0,0,195,966,0,0,0,804,0,477,226,59,0,0,0,584,0,346,563,0,0,0,888,967,771,651,0,0,0,568,226,827,0,0,0,0,109,0,0
"Gemella_asaccharolytica",62,47,963,729,0,0,0,0,223,668,0,0,463,0,803,0,462,942,0,0,0,266,601,0,769,0,819,0,0,0,0,0,0,0,876,921,144,0,0,163
"Dictyostelium_discoideum",365,977,0,234,0,338,648,0,411,52,0,0,0,0,0,438,0,0,0,0,0,0,419,0,0,0,418,0,615,0,707,366,418,0,0,2,495,713,0,0
"Acinetobacter_calcoaceticus",620,0,0,771,0,0,683,0,0,0,0,0,0,136,0,0,206,0,414,377,0,0,591,0,0,843,0,986,0,0,0,890,871,379,0,0,851,0,717,0
"Streptococcus_ovis",0,0,0,689,0,872,114,0,143,0,945,964,0,0,0,154,0,0,0,350,0,795,0,0,217,0,0,0,194,0,501,0,0,111,0,0,165,0,0,85
"Cutibacterium_acnes",630,402,0,0,230,0,0,0,0,0,4,0,0,218,174,225,0,960,403,878,439,0,0,0,0,0,0,0,0,136,0,0,0,0,867,397,779,0,326,650
"Neisseria_meningitidis",937,0,0,0,547,0,769,0,367,0,0,0,0,0,503,0,0,0,0,891,0,254,0,0,0,911,0,6,0,0,754,0,0,604,0,0,0,0,10,0
"Prevotella_ruminicola",0,183,282,0,620,0,0,0,0,0,0,698,0,383,959,0,0,19,0,471,0,873,0,0,269,354,0,617,0,0,0,68,132,0,285,441,823,762,0,800
"Brevibacterium_paucivorans",0,988,307,0,373,385,0,0,147,0,0,0,252,819,903,0,0,0,0,844,0,0,317,0,0,483,0,0,0,0,0,604,0,0,622,945,0,709,338,0
"Acidothermus_cellulolyticus",946,0,0,0,0,373,0,567,0,402,359,17,581,53,839,0,0,0,0,0,0,0,0,305,942,379,228,0,0,0,67,635,0,419,0,0,397,0,129,875
"Enterobacter_mori",0,0,0,0,228,552,849,114,0,101,240,0,0,106,452,0,193,0,6,0,0,0,0,0,63,0,0,922,346,0,0,954,0,0,0,0,0,0,779,0
"Parabacteroides_merdae",0,0,0,0,221,0,0,0,616,744,0,0,0,0,0,246,0,785,0,27,583,625,0,140,0,0,274,0,542,0,857,0,266,590,0,0,754,0,543,0
"Collinsella_stercoris",0,0,742,0,0,453,671,0,0,385,358,256,0,0,0,0,0,0,730,628,0,0,292,0,201,0,0,899,756,60,0,0,182,0,0,543,887,17,0,696
"Streptococcus_macedonicus",0,0,940,0,0,0,572,0,257,0,0,0,0,0,0,0,0,0,97,0,0,0,0,98,772,0,997,0,328,0,689,0,0,375,768,333,506,0,0,0
"Rothia_aeria",573,0,779,431,84,363,8,0,107,495,0,723,0,113,0,941,0,305,0,36,413,588,515,105,0,0,0,144,323,0,691,778,857,689,0,0,0,0,522,0
"Colwellia_psychrerythraea",0,89,0,879,0,0,81,243,0,513,317,0,0,0,0,0,0,0,365,0,591,332,0,0,843,621,376,843,0,0,739,0,0,0,0,0,0,736,0,0
"Herminiimonas_arsenicoxydans",0,0,461,0,0,361,647,878,570,249,0,106,0,253,0,362,0,641,0,0,43,613,0,292,28,948,0,785,0,445,0,0,0,0,954,475,0,753,178,344
"Prevotella_stercorea",0,309,0,111,394,764,0,0,0,0,152,580,377,99,0,376,724,0,625,1000,0,0,254,0,0,0,345,0,0,0,0,0,802,0,0,0,682,951,893,0
"Rikenella_microfusus",0,0,464,0,365,0,872,0,587,842,0,0,905,0,567,0,0,0,0,0,430,838,0,0,52,0,0,0,0,0,0,222,0,0,0,234,0,0,0,807
"Alicycliphilus_denitrificans",127,10,0,508,442,930,0,0,510,865,581,0,10,288,0,0,55,73,0,0,0,947,0,0,0,0,0,0,0,855,0,0,0,0,86,0,0,0,0,0
"Xanthobacter_autotrophicus",258,0,0,608,0,0,189,0,0,60,0,0,0,17,0,0,546,0,0,0,573,0,844,885,0,61,0,577,515,0,0,0,0,0,0,0,175,0,929,636
"Dysgonomonas_mossii",859,0,0,426,0,0,31,0,0,0,0,0,635,0,0,194,376,0,683,0,0,758,524,0,0,762,0,17,0,0,0,0,8,0,0,0,0,0,847,0
"Listeria_ivanovii",816,900,0,0,995,775,815,870,890,97,0,0,0,399,715,0,0,851,457,0,958,498,591,127,396,0,0,0,954,866,0,605,0,87,828,99,0,0,0,0
"Pseudocitrobacter_faecalis",0,0,0,6,0,496,352,0,0,411,0,0,0,95,0,0,0,298,0,13,375,223,154,775,0,0,725,0,996,0,385,373,0,655,0,730,296,0,0,0
"Atopobium_minutum",468,0,0,51,0,0,534,0,0,0,0,616,0,0,0,0,838,0,0,534,0,0,682,870,858,153,0,0,0,0,424,786,0,32,974,142,287,0,0,280
"Lactococcus_piscium",0,79,210,196,675,0,0,0,991,501,0,276,0,494,731,848,0,535,0,0,325,0,571,324,854,277,0,0,545,577,0,0,0,0,144,0,0,0,0,0
"Agrobacterium_vitis",224,0,0,42,0,0,0,0,0,0,864,0,278,0,854,0,0,107,0,591,527,0,0,0,0,0,0,195,778,0,460,0,467,835,0,0,0,652,0,0
"Prevotella_multiformis",0,713,0,682,167,258,0,0,281,0,0,0,0,101,0,0,0,0,0,674,0,0,0,0,173,0,40,0,0,0,689,0,864,0,0,0,429,115,0,0
"Anaerobiospirillum_thomasii",0,801,0,403,0,0,0,0,229,0,0,0,534,0,676,0,365,0,543,0,0,0,893,0,0,0,912,961,0,0,130,0,0,0,892,0,0,0,781,0
"Olsenella_profusa",401,338,0,951,0,0,187,0,0,740,0,929,0,0,0,695,330,0,0,0,856,480,322,334,191,449,0,766,542,830,0,0,0,892,0,0,0,0,368,573
"Actinomyces_urogenitalis",608,323,515,90,0,0,0,187,730,0,0,206,0,607,272,738,634,0,0,0,743,0,851,0,0,0,446,0,0,0,0,0,0,415,595,0,0,0,492,0
"Methanosphaera_cuniculi",0,150,0,682,927,0,112,0,0,0,0,470,401,0,0,0,0,0,861,570,0,0,781,0,942,56,0,0,0,817,0,0,500,823,114,0,875,0,0,0
"Butyricicoccus_porcorum",0,93,0,636,0,0,22,0,904,0,297,44,0,0,487,0,0,0,103,0,458,0,981,0,0,0,782,0,134,0,0,0,555,0,131,10,0,0,0,970
"Nocardiopsis_dassonvillei",377,0,453,884,592,0,0,895,0,0,0,0,0,904,142,0,0,826,0,0,0,0,646,0,0,0,0,384,0,110,911,617,0,0,0,584,0,0,132,1000
"Capnocytophaga_canimorsus",0,0,0,0,114,0,0,0,0,430,561,293,0,673,0,0,22,327,0,0,934,0,0,0,0,0,783,679,0,321,0,0,0,0,0,756,80,317,514,346
"Helicobacter_pullorum",965,0,482,0,813,390,156,331,185,0,0,0,0,230,0,0,0,204,0,0,0,0,0,0,694,900,11,0,318,0,962,0,0,952,0,0,975,76,994,0
"Akkermansia_glycaniphila",0,0,618,0,529,0,0,512,0,152,593,497,0,0,604,0,0,0,0,0,498,0,0,690,0,794,0,0,0,0,0,0,0,297,129,0,0,0,0,452
"Bacteroides_dorei",964,242,0,254,20,635,0,0,490,88,0,0,0,369,0,0,478,0,558,616,0,0,481,246,0,660,886,0,0,720,0,0,334,0,684,0,167,0,0,0
"Dialister_succinatiphilus",344,0,0,0,727,373,0,0,577,724,0,0,402,0,94,539,895,0,705,0,0,0,0,560,0,0,233,0,0,0,13,0,548,0,0,942,145,247,0,0
"Roseburia_hominis",255,0,0,0,0,732,235,704,332,0,0,105,208,729,0,0,660,504,0,461,0,0,693,0,0,0,0,926,0,726,564,0,0,0,0,371,769,0,199,0
"Sutterella_parvirubra",0,0,0,347,0,428,0,283,0,0,548,0,951,265,0,616,0,0,752,0,84,790,476,0,0,59,124,0,989,0,0,690,0,74,562,0,647,0,0,981
"Listeria_welshimeri",0,0,188,523,0,0,328,0,0,796,189,667,0,0,583,0,640,0,0,0,814,885,79,170,0,307,0,342,0,0,0,942,113,0,0,0,0,136,0,820
"Mycobacterium_smegmatis",0,302,8,579,695,0,0,0,0,0,0,0,0,0,0,746,0,0,0,0,0,0,12,0,0,0,0,238,791,0,280,322,868,0,0,0,0,61,882,0
"Nitrobacter_hamburgensis",432,760,0,0,0,0,0,79,420,0,0,59,940,0,0,0,0,719,433,617,0,458,157,647,919,24,0,204,0,0,411,0,0,0,954,423,239,0,101,222
"Vibrio_fluvialis",178,253,0,639,0,0,0,0,0,0,282,625,0,723,0,0,26,0,162,735,611,512,0,898,0,0,0,689,0,237,0,614,164,65,0,0,0,0,0,0
"Streptomyces_bingchenggensis",0,36,193,0,0,628,0,0,789,873,721,399,0,0,280,0,55,625,0,896,0,0,31,194,0,492,0,0,0,0,0,0,0,60,0,0,0,0,758,675
"Streptococcus_sobrinus",0,0,0,0,0,0,0,0,0,0,0,238,22,321,564,605,231,0,0,0,879,0,0,0,0,0,0,0,457,0,0,0,520,0,936,66,443,0,0,0
"Citrobacter_braakii",768,0,0,999,0,916,0,0,0,529,146,243,0,389,0,658,0,26,927,0,0,354,0,0,0,743,0,0,596,311,0,0,321,591,0,0,372,499,0,62
"Klebsiella_pneumoniae",447,103,0,536,0,0,722,0,644,0,0,361,901,512,0,0,0,705,0,515,0,49,130,534,541,381,729,724,0,0,486,0,0,0,682,839,0,5,35,714
"Arthrobacter_castelli",97,295,0,0,236,319,413,0,0,0,0,0,0,971,0,144,63,0,736,0,446,0,925,636,943,0,0,0,35,452,0,798,405,96,605,836,99,0,0,0
"Pectobacterium_carotovorum",364,0,0,0,913,800,0,0,0,32,0,0,0,454,0,0,534,530,455,0,0,799,0,0,0,0,678,0,0,562,0,0,0,0,0,0,283,0,206,0
"Eikenella_corrodens",0,89,0,633,866,0,0,73,920,507,0,195,228,548,638,0,0,404,894,0,75,0,0,425,0,868,0,0,0,237,688,0,0,457,0,271,0,0,0,794
"Prevotella_oulorum",0,0,0,0,869,535,905,230,0,446,671,744,108,705,0,408,858,0,296,0,607,0,0,0,0,0,0,993,15,0,0,612,0,0,124,0,0,0,602,651
"Neisseria_weaveri",0,0,0,611,756,0,966,0,0,0,0,491,327,0,0,0,0,0,0,321,0,0,739,0,0,453,118,598,0,0,0,722,0,214,0,0,0,0,242,0
"Baumannia_cicadellinicola",59,995,0,0,566,0,574,517,644,0,0,0,896,0,0,0,419,192,0,811,0,930,872,849,0,296,72,319,541,0,0,0,0,0,555,792,36,0,0,0
"Rhodococcus_hoagii",418,0,578,0,623,0,0,786,795,0,813,606,0,319,0,949,0,0,0,0,0,0,0,552,573,731,791,0,662,0,0,574,0,0,504,0,0,0,0,115
"Anaerosporobacter_mobilis",897,0,526,567,0,854,0,0,0,18,36,0,701,801,958,683,0,0,42,424,0,814,0,0,819,251,309,677,0,0,0,742,0,0,761,782,0,979,831,0
"Salinispora_arenicola",0,0,0,337,0,349,440,948,0,0,0,265,0,458,0,518,306,0,606,358,419,295,0,0,0,0,828,0,0,216,0,0,750,0,699,208,0,0,0,445
"Bosea_vaviloviae",0,0,0,0,775,609,627,555,0,144,0,130,0,0,0,445,0,0,567,723,0,0,307,675,328,0,0,0,0,0,0,756,0,0,0,0,0,0,0,0
"Zymomonas_mobilis",0,0,624,713,0,0,0,0,256,0,621,136,0,175,0,954,0,218,369,209,0,0,612,0,452,0,0,821,0,0,0,0,925,607,0,804,0,293,0,614
"Massiliomicrobiota_timonensis",0,744,0,31,375,447,962,0,193,180,980,17,282,0,0,0,0,0,0,0,0,672,0,451,0,0,0,0,0,0,0,796,0,471,308,797,0,380,0,113
"Allochromatium_vinosum",0,0,65,0,0,55,0,306,0,0,155,0,0,0,0,0,0,539,0,0,0,291,0,0,738,0,275,224,0,0,0,105,0,0,0,0,0,0,0,0
"Coprobacter_secundus",0,0,0,0,963,0,467,0,0,525,0,0,0,0,0,0,0,0,0,0,0,321,841,0,0,0,19,0,66,750,787,876,0,0,0,0,0,700,0,0
"Rhodococcus_jostii",404,0,0,0,660,0,609,0,871,727,0,663,736,99,0,0,834,934,0,0,0,0,0,0,0,0,485,0,0,839,278,0,10,0,0,0,365,0,223,197
"Bordetella_pertussis",752,0,465,0,0,0,0,0,0,478,0,0,223,784,0,0,0,810,914,0,402,0,0,0,0,0,0,0,0,0,674,0,0,0,0,0,0,789,521,543
"Melissococcus_plutonius",0,0,0,0,706,852,0,0,494,687,721,0,0,952,0,0,755,0,991,0,0,281,0,633,456,0,0,792,246,0,400,0,260,0,277,0,0,0,220,759
"Exiguobacterium_aurantiacum",0,0,387,783,0,677,271,0,0,0,900,30,13,0,0,418,827,73,863,0,0,0,0,0,255,23,0,0,955,0,0,0,0,350,392,0,0,0,0,908
"Aeromonas_veronii",0,866,0,0,0,0,717,0,0,0,422,105,165,440,0,0,0,846,237,0,0,387,0,0,912,0,0,336,0,0,9,0,426,0,0,0,0,0,0,0
"Saccharomonospora_viridis",67,0,904,0,0,270,390,627,182,0,433,0,0,525,0,0,0,0,20,0,0,0,0,0,0,689,0,0,246,577,0,0,0,0,268,787,952,0,325,745
"Enterobacter_hormaechei",118,131,426,0,0,63,659,780,202,722,0,0,132,0,0,0,0,0,0,0,0,505,0,0,0,712,0,0,0,387,133,287,146,0,491,644,34,0,0,0
